{"cameraMode":{"drawMode":0,"name":"Shaded","section":"Shading Mode"},"sceneLighting":true,"audioPlay":false,"sceneViewState":{"showFog":true,"showMaterialUpdate":false,"showSkybox":true,"showFlares":true,"showImageEffects":true,"showParticleSystems":true},"in2DMode":false,"pivot":{"x":2.4355335235595705,"y":-0.6361374855041504,"z":-0.22728633880615235},"rotation":{"x":0.04886976256966591,"y":-0.9315338730812073,"z":0.13650289177894593,"w":0.3335021734237671},"size":25.244489669799806,"orthographic":true}