{"cameraMode":{"drawMode":0,"name":"Shaded","section":"Shading Mode"},"sceneLighting":true,"audioPlay":false,"sceneViewState":{"showFog":true,"showMaterialUpdate":false,"showSkybox":true,"showFlares":true,"showImageEffects":true,"showParticleSystems":true},"in2DMode":false,"pivot":{"x":-0.4378124475479126,"y":2.504150390625,"z":-7.963142395019531},"rotation":{"x":0.005979942623525858,"y":0.9530914425849915,"z":-0.3020448386669159,"w":0.018870599567890168},"size":6.124853610992432,"orthographic":true}