{"cameraMode":{"drawMode":0,"name":"Shaded","section":"Shading Mode"},"sceneLighting":true,"audioPlay":false,"sceneViewState":{"showFog":true,"showMaterialUpdate":false,"showSkybox":true,"showFlares":true,"showImageEffects":true,"showParticleSystems":true},"in2DMode":false,"pivot":{"x":-0.32843732833862307,"y":1.103759765625,"z":-7.498298645019531},"rotation":{"x":0.0342404879629612,"y":0.948067843914032,"z":-0.10941320657730103,"w":0.2966999113559723},"size":4.444845199584961,"orthographic":true}