{"cameraMode":{"drawMode":0,"name":"Shaded","section":"Shading Mode"},"sceneLighting":true,"audioPlay":false,"sceneViewState":{"showFog":true,"showMaterialUpdate":false,"showSkybox":true,"showFlares":true,"showImageEffects":true,"showParticleSystems":true},"in2DMode":false,"pivot":{"x":-1.515625,"y":8.678712844848633,"z":-0.7773418426513672},"rotation":{"x":0.03462335094809532,"y":-0.8335450291633606,"z":0.05258302018046379,"w":0.5488525032997131},"size":25.72353172302246,"orthographic":true}