{"cameraMode":{"drawMode":0,"name":"Shaded","section":"Shading Mode"},"sceneLighting":true,"audioPlay":false,"sceneViewState":{"showFog":true,"showMaterialUpdate":false,"showSkybox":true,"showFlares":true,"showImageEffects":true,"showParticleSystems":true},"in2DMode":false,"pivot":{"x":-0.4378124475479126,"y":2.504150390625,"z":-7.963142395019531},"rotation":{"x":0.04627413675189018,"y":0.9382107257843018,"z":-0.13834218680858613,"w":0.3138279616832733},"size":11.372146606445313,"orthographic":true}