{"cameraMode":{"drawMode":0,"name":"Shaded","section":"Shading Mode"},"sceneLighting":true,"audioPlay":false,"sceneViewState":{"showFog":true,"showMaterialUpdate":false,"showSkybox":true,"showFlares":true,"showImageEffects":true,"showParticleSystems":true},"in2DMode":false,"pivot":{"x":0.56005859375,"y":2.456052780151367,"z":0.8085918426513672},"rotation":{"x":-0.0046804919838905338,"y":0.9772884249687195,"z":-0.21075314283370973,"w":-0.02170267142355442},"size":6.473489761352539,"orthographic":true}