{"cameraMode":{"drawMode":0,"name":"Shaded","section":"Shading Mode"},"sceneLighting":true,"audioPlay":false,"sceneViewState":{"showFog":true,"showMaterialUpdate":false,"showSkybox":true,"showFlares":true,"showImageEffects":true,"showParticleSystems":true},"in2DMode":false,"pivot":{"x":-1.515625,"y":8.678712844848633,"z":-0.7773418426513672},"rotation":{"x":0.014367416501045227,"y":-0.9351182579994202,"z":0.35198110342025759,"w":0.03817077353596687},"size":12.621959686279297,"orthographic":true}